{
    "channels": [
      { "channel": "A1", "freq": 5865 },
      { "channel": "A2", "freq": 5845 },
      { "channel": "A3", "freq": 5825 },
      { "channel": "A4", "freq": 5805 },
      { "channel": "A5", "freq": 5785 },
      { "channel": "A6", "freq": 5765 },
      { "channel": "A7", "freq": 5745 },
      { "channel": "A8", "freq": 5725 },
  
      { "channel": "B1", "freq": 5733 },
      { "channel": "B2", "freq": 5752 },
      { "channel": "B3", "freq": 5771 },
      { "channel": "B4", "freq": 5790 },
      { "channel": "B5", "freq": 5809 },
      { "channel": "B6", "freq": 5828 },
      { "channel": "B7", "freq": 5847 },
      { "channel": "B8", "freq": 5866 },
  
      { "channel": "E1", "freq": 5705 },
      { "channel": "E2", "freq": 5685 },
      { "channel": "E3", "freq": 5665 },
      { "channel": "E4", "freq": 5645 },
      { "channel": "E5", "freq": 5885 },
      { "channel": "E6", "freq": 5905 },
      { "channel": "E7", "freq": 5925 },
      { "channel": "E8", "freq": 5945 },
  
      { "channel": "F1", "freq": 5740 },
      { "channel": "F2", "freq": 5760 },
      { "channel": "F3", "freq": 5780 },
      { "channel": "F4", "freq": 5800 },
      { "channel": "F5", "freq": 5820 },
      { "channel": "F6", "freq": 5840 },
      { "channel": "F7", "freq": 5860 },
      { "channel": "F8", "freq": 5880 },
  
      { "channel": "R1", "freq": 5658 },
      { "channel": "R2", "freq": 5695 },
      { "channel": "R3", "freq": 5732 },
      { "channel": "R4", "freq": 5769 },
      { "channel": "R5", "freq": 5806 },
      { "channel": "R6", "freq": 5843 },
      { "channel": "R7", "freq": 5880 },
      { "channel": "R8", "freq": 5917 },
  
      { "channel": "L1", "freq": 5362 },
      { "channel": "L2", "freq": 5399 },
      { "channel": "L3", "freq": 5436 },
      { "channel": "L4", "freq": 5473 },
      { "channel": "L5", "freq": 5510 },
      { "channel": "L6", "freq": 5547 },
      { "channel": "L7", "freq": 5584 },
      { "channel": "L8", "freq": 5621 },
  
      { "channel": "X1", "freq": 4990 },
      { "channel": "X2", "freq": 5020 },
      { "channel": "X3", "freq": 5050 },
      { "channel": "X4", "freq": 5080 },
      { "channel": "X5", "freq": 5110 },
      { "channel": "X6", "freq": 5140 },
      { "channel": "X7", "freq": 5170 },
      { "channel": "X8", "freq": 5200 },
  
      { "channel": "S1", "freq": 6002 },
      { "channel": "S2", "freq": 6028 },
      { "channel": "S3", "freq": 6054 },
  
      { "channel": "3.3G_A1", "freq": 3330 },
      { "channel": "3.3G_A2", "freq": 3350 },
      { "channel": "3.3G_A3", "freq": 3370 },
      { "channel": "3.3G_A4", "freq": 3390 },
      { "channel": "3.3G_A5", "freq": 3410 },
      { "channel": "3.3G_A6", "freq": 3430 },
      { "channel": "3.3G_A7", "freq": 3450 },
      { "channel": "3.3G_A8", "freq": 3470 },
  
      { "channel": "3.3G_B1", "freq": 3170 },
      { "channel": "3.3G_B2", "freq": 3190 },
      { "channel": "3.3G_B3", "freq": 3210 },
      { "channel": "3.3G_B4", "freq": 3230 },
      { "channel": "3.3G_B5", "freq": 3250 },
      { "channel": "3.3G_B6", "freq": 3270 },
      { "channel": "3.3G_B7", "freq": 3290 },
      { "channel": "3.3G_B8", "freq": 3310 },
  
      { "channel": "1.2G_A1", "freq": 1080 },
      { "channel": "1.2G_A2", "freq": 1120 },
      { "channel": "1.2G_A3", "freq": 1160 },
      { "channel": "1.2G_A4", "freq": 1200 },
      { "channel": "1.2G_A5", "freq": 1240 },
      { "channel": "1.2G_A6", "freq": 1280 },
      { "channel": "1.2G_A7", "freq": 1320 },
      { "channel": "1.2G_A8", "freq": 1360 },
  
      { "channel": "1.2G_B1", "freq": 1200 },
      { "channel": "1.2G_B2", "freq": 1220 },
      { "channel": "1.2G_B3", "freq": 1240 },
      { "channel": "1.2G_B4", "freq": 1258 },
      { "channel": "1.2G_B5", "freq": 1280 },
      { "channel": "1.2G_B6", "freq": 1300 },
      { "channel": "1.2G_B7", "freq": 1320 },
      { "channel": "1.2G_B8", "freq": 1340 }
    ]
  }